Company Name,Industry,City,Company Size,Primary Need,Website/Contact Focus
Digital Lionne,Digital Marketing Agency,Riyadh,Small (10-49),Social Media & SEO Services,digitallionne.com
Ikana Business Solutions,Marketing Agency,Riyadh,Small (10-49),SEO & Content Marketing,ikanasolutions.com
SocialTech Marketing,Marketing Agency,Riyadh,Small (10-49),Branding & Social Strategy,socialtechmarketing.sa
SILA VISIONS,Digital Marketing,Jeddah,Small (10-30),Digital Solutions & Content,silavisions.com
Clarituss Solutions,Digital Marketing,Riyadh,SME,Small Business Marketing,claritussolutions.com
Focus 360 Arabia,PR & Marketing,Riyadh,Boutique,Public Relations & Content,focus360arabia.com
Brilliant Concepts,Marketing Agency,Jeddah,Boutique,Brand Content & PR,brilliantconcepts.sa
PRLab,PR Agency,Riyadh,Boutique,PR Content & Media,prlabsa.com
The Boutique PR,PR Agency,Riyadh,Boutique (5-20),PR & Communications,theboutiquepr.com
Headline Agency,Marketing & PR,Riyadh,Boutique,Content & Communications,headlineagency.sa
Nokhbah Academy,EdTech Startup,Riyadh,Startup (10-50),Educational Content & SEO,nokhbah.com
AlGooru,EdTech Platform,Riyadh,Startup (20-50),Tutoring Platform Content,algooru.com
Wade7,EdTech Startup,Riyadh,Small,Online Course Content,wade7.com
Lamsa,Kids EdTech,Riyadh,Small (30-100),Children's Content Creation,lamsa.com
iStoria,EdTech Startup,Saudi Arabia,Startup,Interactive Learning Content,istoria.com
EduNovai,EdTech Platform,Riyadh,Startup,AI Education Content,edunovai.com
Skools App,EdTech Startup,Riyadh,Startup (10-30),School Platform Content,skoolsapp.com
Ostaz,EdTech Platform,Riyadh,Small (20-50),Tutoring Content,ostaz.com
Baims,EdTech Startup,Saudi Arabia,Startup,Educational Platform Content,baims.com
Dars,Education Services,Riyadh,Small (30-100),Educational Content,dars.sa
Aghrad Store,Niche E-commerce,Riyadh,Small,Product Descriptions & SEO,aghrad.com
Thoob Store,Fashion E-commerce,Jeddah,Small,Fashion Content,thoob.com
Modanisa KSA,Modest Fashion,Riyadh,SME,Fashion Product Content,modanisa.com.sa
Dates Boutique,Gourmet Food,Madinah,Small,Product & Blog Content,datesboutique.sa
Souk Al Asal,Honey & Natural Products,Riyadh,Small,Product Content & SEO,soukasal.com
Matjary Store,Multi-category Store,Jeddah,Small,Product Listings,matjary.com
Oud House,Perfume E-commerce,Riyadh,SME,Luxury Product Content,oudhouse.sa
Sadu Market,Handicrafts E-commerce,Riyadh,Small,Artisan Product Content,sadumarket.com
Baby Shop KSA,Baby Products,Jeddah,Small,Product Content,babyshopksa.com
Fitness Gear KSA,Sports Equipment,Riyadh,Small,Product & Blog Content,fitnessgear.sa
Wasalt,PropTech Platform,Riyadh,Small (20-100),Property Listings & SEO,wasalt.sa
Mada Properties,Real Estate Broker,Riyadh,SME,Property Content,madaproperties.sa
Aqar Plus,Real Estate Agency,Jeddah,Small,Property Descriptions,aqarplus.sa
Dar Al Arkan,Property Listings,Riyadh,Small Agency,Real Estate Content,daralarkan.com
Nest Finder,Real Estate Platform,Dammam,Small,Property SEO Content,nestfinder.sa
Gathern,Event Booking SaaS,Riyadh,Startup (10-30),Platform Content & SEO,gathern.com
Ziada.team,AI Integration Platform,Riyadh,Startup (5-20),Tech Content & SEO,ziada.team
Hollat,Local SaaS,Riyadh,Startup (10-50),Product Content,hollat.net
Shelvz,Inventory SaaS,Riyadh,Startup,SaaS Content & Blog,shelvz.com
Rewaa,Retail Management SaaS,Riyadh,Small (30-100),Product Content,rewaa.com
PayTabs,Payment Processing,Riyadh,SME (50-200),Fintech Content,paytabs.com
HyperPay,Payment Gateway,Riyadh,Small (20-100),Payment Solutions Content,hyperpay.com
Lean Technologies,Fintech Startup,Riyadh,Startup (20-80),Financial Content,leantech.me
Seha Virtual Hospital,Telehealth,Riyadh,Small,Medical Content,sehaservices.sa
Altibbi Clinic,Healthcare Platform,Riyadh,SME,Health Information Content,altibbi.com
Fitcy Health,Wellness Platform,Jeddah,Startup,Health & Fitness Content,fitcyhealth.com
Nutrilife Clinic,Nutrition Services,Riyadh,Small Clinic,Wellness Blog Content,nutrilifeclinic.sa
Desert Adventures KSA,Tourism Services,Riyadh,Small,Tour Descriptions & SEO,desertadventures.sa
Hijaz Travel,Travel Agency,Jeddah,Small Agency,Travel Content,hijaztravel.com
Red Sea Retreats,Boutique Hotels,Jeddah,Small (3-5 properties),Hotel Content & SEO,redsearetreats.sa
PalmHR